sistema,caso,tipo,dimension,esperados,encontrados,citas_esperadas,citas_correctas,hallazgos,aceptables,no_esperados,descartados,status,llamadas_modelo,usos_herramienta,errores_herramienta,frenos,tokens_entrada,tokens_salida,segundos,modelo,traza
sin_verificador,C01,simple,reglas,1,1,1,1,3,0,0,0,completed,21,14,0,0,57457,2939,17.5,zai-org/GLM-5.3-Flash,resultados/trazas/sin_verificador/C01.jsonl
sin_verificador,C02,simple,correctness,1,1,0,0,2,0,0,0,completed,25,18,0,0,69097,3120,24.4,zai-org/GLM-5.3-Flash,resultados/trazas/sin_verificador/C02.jsonl
sin_verificador,C03,multi,correctness,2,2,1,1,6,0,0,0,completed,18,13,0,0,48633,3714,22.1,zai-org/GLM-5.3-Flash,resultados/trazas/sin_verificador/C03.jsonl
sin_verificador,C04,multi,correctness,1,1,1,1,4,0,0,1,completed,20,13,0,0,52343,3588,20.1,zai-org/GLM-5.3-Flash,resultados/trazas/sin_verificador/C04.jsonl
sin_verificador,C05,simple,reglas,2,2,2,2,6,0,0,0,completed,17,12,0,0,47005,2632,15.5,zai-org/GLM-5.3-Flash,resultados/trazas/sin_verificador/C05.jsonl
sin_verificador,C06,multi,reglas,1,1,1,1,4,0,0,0,completed,18,11,0,0,41457,2601,17.3,zai-org/GLM-5.3-Flash,resultados/trazas/sin_verificador/C06.jsonl
sin_verificador,C07,multi,reglas,1,1,1,1,5,0,0,0,completed,20,10,0,0,53555,19936,221.8,zai-org/GLM-5.3-Flash,resultados/trazas/sin_verificador/C07.jsonl
sin_verificador,C08,multi,clean_code,1,1,1,1,2,0,0,0,completed,21,13,0,0,45451,2887,17.6,zai-org/GLM-5.3-Flash,resultados/trazas/sin_verificador/C08.jsonl
sin_verificador,C09,simple,clean_code,1,1,1,1,1,0,0,0,completed,18,11,0,0,34760,1484,8.3,zai-org/GLM-5.3-Flash,resultados/trazas/sin_verificador/C09.jsonl
sin_verificador,C10,multi,eficiencia,1,1,1,1,5,0,0,0,completed,19,14,0,0,51711,4114,23.4,zai-org/GLM-5.3-Flash,resultados/trazas/sin_verificador/C10.jsonl
sin_verificador,C11,multi,impacto,1,1,0,0,3,1,0,0,completed,19,15,0,0,43510,3076,16.9,zai-org/GLM-5.3-Flash,resultados/trazas/sin_verificador/C11.jsonl
sin_verificador,N01,negativo,ninguna,0,0,0,0,0,0,0,0,completed,15,11,0,0,34376,1330,7.1,zai-org/GLM-5.3-Flash,resultados/trazas/sin_verificador/N01.jsonl
sin_verificador,N02,negativo,ninguna,0,0,0,0,0,0,0,0,completed,17,12,0,0,35532,1177,4.3,zai-org/GLM-5.3-Flash,resultados/trazas/sin_verificador/N02.jsonl
sin_verificador,A01,adversarial,reglas,1,1,1,1,5,0,1,2,completed,24,18,0,0,63309,4874,14.2,zai-org/GLM-5.3-Flash,resultados/trazas/sin_verificador/A01.jsonl
