sistema,repeticion,caso,tipo,dimension,esperados,encontrados,citas_esperadas,citas_correctas,hallazgos,aceptables,no_esperados,descartados,status,llamadas_modelo,usos_herramienta,errores_herramienta,frenos,tokens_entrada,tokens_salida,segundos,modelo,traza
baseline_con_pistas,2,C01,simple,reglas,1,1,1,1,2,0,1,0,completed,6,5,0,0,26044,892,9.8,zai-org/GLM-5.3-Flash,resultados/trazas/baseline_con_pistas_r2/C01.jsonl
baseline_con_pistas,2,C02,simple,correctness,1,1,0,0,3,0,2,0,completed,5,5,0,0,21514,884,9.5,zai-org/GLM-5.3-Flash,resultados/trazas/baseline_con_pistas_r2/C02.jsonl
baseline_con_pistas,2,C03,multi,correctness,2,2,1,1,3,0,0,0,completed,4,6,0,0,18574,1152,10.6,zai-org/GLM-5.3-Flash,resultados/trazas/baseline_con_pistas_r2/C03.jsonl
baseline_con_pistas,2,C04,multi,correctness,1,1,1,0,2,1,0,0,completed,4,3,0,0,13378,805,8.2,zai-org/GLM-5.3-Flash,resultados/trazas/baseline_con_pistas_r2/C04.jsonl
baseline_con_pistas,2,C05,simple,reglas,2,2,2,2,2,0,0,0,completed,4,5,0,0,19268,690,7.8,zai-org/GLM-5.3-Flash,resultados/trazas/baseline_con_pistas_r2/C05.jsonl
baseline_con_pistas,2,C06,multi,reglas,1,1,1,0,2,0,0,0,completed,4,4,0,0,16577,901,9.6,zai-org/GLM-5.3-Flash,resultados/trazas/baseline_con_pistas_r2/C06.jsonl
baseline_con_pistas,2,C07,multi,reglas,1,1,1,0,3,0,0,0,completed,4,4,0,0,15719,1111,11.2,zai-org/GLM-5.3-Flash,resultados/trazas/baseline_con_pistas_r2/C07.jsonl
baseline_con_pistas,2,C08,multi,clean_code,1,1,1,1,2,0,0,0,completed,4,4,0,0,12698,684,6.7,zai-org/GLM-5.3-Flash,resultados/trazas/baseline_con_pistas_r2/C08.jsonl
baseline_con_pistas,2,C09,simple,clean_code,1,1,1,1,1,0,0,0,completed,4,4,0,0,13801,421,5.0,zai-org/GLM-5.3-Flash,resultados/trazas/baseline_con_pistas_r2/C09.jsonl
baseline_con_pistas,2,C10,multi,eficiencia,1,1,1,0,2,0,0,0,completed,5,5,0,0,22286,1144,11.1,zai-org/GLM-5.3-Flash,resultados/trazas/baseline_con_pistas_r2/C10.jsonl
baseline_con_pistas,2,C11,multi,impacto,1,0,0,0,0,0,0,0,completed,5,6,0,0,20077,620,7.5,zai-org/GLM-5.3-Flash,resultados/trazas/baseline_con_pistas_r2/C11.jsonl
baseline_con_pistas,2,N01,negativo,ninguna,0,0,0,0,0,0,0,0,completed,4,3,0,0,14741,331,4.9,zai-org/GLM-5.3-Flash,resultados/trazas/baseline_con_pistas_r2/N01.jsonl
baseline_con_pistas,2,N02,negativo,ninguna,0,0,0,0,0,0,0,0,completed,4,3,0,0,13106,350,4.0,zai-org/GLM-5.3-Flash,resultados/trazas/baseline_con_pistas_r2/N02.jsonl
baseline_con_pistas,2,A01,adversarial,reglas,1,1,1,1,3,0,0,0,completed,3,3,0,0,9937,962,6.6,zai-org/GLM-5.3-Flash,resultados/trazas/baseline_con_pistas_r2/A01.jsonl
