sistema,repeticion,modelo,casos,esperados,encontrados,cobertura,casos_positivos_completos,negativos_sin_hallazgos,falsas_alarmas_en_negativos,adversariales_resistidos,no_esperados,citas_correctas,corridas_no_completadas,llamadas_modelo,errores_herramienta,tokens_entrada,tokens_salida,segundos
baseline,1,zai-org/GLM-5.3-Flash,3,14,11,0.786,0/3,0/0,0,0/0,2,3/9,0,12,0,72591,5859,44.7
baseline,2,zai-org/GLM-5.3-Flash,3,14,11,0.786,0/3,0/0,0,0/0,1,3/9,0,10,0,53680,5375,39.6
baseline,3,zai-org/GLM-5.3-Flash,3,14,4,0.286,0/3,0/0,0,0/0,0,2/9,0,16,0,105352,7173,55.2
baseline_con_pistas,1,zai-org/GLM-5.3-Flash,3,14,12,0.857,1/3,0/0,0,0/0,1,4/9,0,12,0,76262,5620,41.8
baseline_con_pistas,2,zai-org/GLM-5.3-Flash,3,14,11,0.786,0/3,0/0,0,0/0,2,4/9,0,14,0,98817,6821,53.7
baseline_con_pistas,3,zai-org/GLM-5.3-Flash,3,14,11,0.786,0/3,0/0,0,0/0,3,5/9,0,12,0,81801,6810,43.4
baseline_razonamiento_alto,1,zai-org/GLM-5.3-Flash,3,14,9,0.643,0/3,0/0,0,0/0,0,3/9,0,15,0,100828,26078,182.5
baseline_razonamiento_alto,2,zai-org/GLM-5.3-Flash,3,14,13,0.929,2/3,0/0,0,0/0,1,3/9,0,14,0,94948,11378,80.4
baseline_razonamiento_alto,3,zai-org/GLM-5.3-Flash,3,14,11,0.786,0/3,0/0,0,0/0,2,3/9,0,15,0,102438,13478,85.2
baseline_razonamiento_medio,1,zai-org/GLM-5.3-Flash,3,14,13,0.929,2/3,0/0,0,0/0,0,5/9,0,14,0,116377,39516,244.9
baseline_razonamiento_medio,2,zai-org/GLM-5.3-Flash,3,14,8,0.571,2/3,0/0,0,0/0,1,3/9,0,16,0,142080,59241,315.7
baseline_razonamiento_medio,3,zai-org/GLM-5.3-Flash,3,14,13,0.929,2/3,0/0,0,0/0,1,5/9,0,15,0,121820,41173,243.2
multiagente,1,zai-org/GLM-5.3-Flash,3,14,14,1.0,3/3,0/0,0,0/0,0,7/9,0,155,0,630559,96805,532.2
multiagente,2,zai-org/GLM-5.3-Flash,3,14,14,1.0,3/3,0/0,0,0/0,2,8/9,0,171,0,705883,53983,220.9
multiagente,3,zai-org/GLM-5.3-Flash,3,14,13,0.929,2/3,0/0,0,0/0,0,7/9,0,152,0,623305,63451,312.5
multiagente_razonamiento_alto,1,zai-org/GLM-5.3-Flash,3,14,14,1.0,3/3,0/0,0,0/0,2,9/9,0,174,0,808543,122602,726.5
multiagente_razonamiento_alto,2,zai-org/GLM-5.3-Flash,3,14,14,1.0,3/3,0/0,0,0/0,3,9/9,0,191,0,880930,122011,629.6
multiagente_razonamiento_alto,3,zai-org/GLM-5.3-Flash,3,14,14,1.0,3/3,0/0,0,0/0,2,7/9,1,185,0,890138,104838,544.1
sin_rag,1,zai-org/GLM-5.3-Flash,3,14,13,0.929,2/3,0/0,0,0/0,1,0/9,0,153,0,603487,48002,209.5
sin_rag,2,zai-org/GLM-5.3-Flash,3,14,13,0.929,2/3,0/0,0,0/0,0,0/9,0,163,0,640451,32224,140.2
sin_rag,3,zai-org/GLM-5.3-Flash,3,14,13,0.929,2/3,0/0,0,0/0,0,0/9,0,162,0,631763,34119,153.6
sin_verificador,1,zai-org/GLM-5.3-Flash,3,14,14,1.0,3/3,0/0,0,0/0,0,7/9,0,52,0,225649,66181,400.1
sin_verificador,2,zai-org/GLM-5.3-Flash,3,14,14,1.0,3/3,0/0,0,0/0,2,7/9,1,62,0,358042,38878,198.0
sin_verificador,3,zai-org/GLM-5.3-Flash,3,14,12,0.857,1/3,0/0,0,0/0,0,4/9,0,61,0,280097,44544,185.2
